Boards of Canada,Music Has the Right to Children,Wildlife Analysis,3
,,An Eagle In Your Mind,4
,,The Color Of The Fire,1
,,Telephasic Workshop,4
,,Triangles & Rhombuses,3
,,Sixtyten,4
,,Turquoise Hexagon Sun,4
,,Kaini Industries,4
,,Bocuma,3
,,Roygbiv,5
,,Rue The Whirl,3
,,Aquarius,5
,,Olson,3
,,Pete Standing Alone,5
,,Smokes Quantity,3
,,Open The Light,3
,,One Very Important Thought,2
,,Happy Cycling,4
,Geogaddi,Ready Lets Go,3
,,Music Is Math,4
,,Beware The Friendly Stranger,3
,,Gyroscope,4
,,Dandelion,3
,,Sunshine Recorder,5
,,In The Annexe,4
,,Julie And Candy,3
,,The Smallest Weird Number,1
,,1969,4
,,Energy Warning,3
,,The Beach At Redpoint,4
,,Opening The Mouth,2
,,Alpha And Omega,5
,,I Saw Drones,3
,,The Devil Is In The Details,4
,,A Is To B As B Is To C,2
,,Over The Horizon Radar,3
,,Dawn Chorus,3
,,Diving Station,1
,,You Could Feel The Sky,5
,,Corsair,4
,The Campfire Headphase,Into The Rainbow Vein,2
,,Chromakey Dreamcoat,5
,,Satellite Anthem Icarus,5
,,Peacock Tail,5
,,Dayvan Cowboy,5
,,A Moment Of Clarity,3
,,84 Pontiac Dream,4
,,Sherbet Head,2
,,Oscar See Through Red Eye,5
,,Ataronchronon,2
,,Hey Saturday Sun,3
,,Constants Are Changing,3
,,Slow This Bird Down,3
,,Tears From The Compound Eye,3
,,Farewell Fire,1
,Tomorrow's Harvest,Gemini,3
,,Reach For The Dead,4
,,White Cyclosa,4
,,Jacquard Causeway,4
,,Telepath,2
,,Cold Earth,4
,,Transmisiones Ferox,2
,,Sick Times,4
,,Collapse,3
,,Palace Posy,4
,,Split Your Infinities,4
,,Uritual,2
,,Nothing Is Real,4
,,Sundown,3
,,New Seeds,5
,,Come To Dust,4
,,Semena Mertvykh,1
,Twoism (EP),Sixtyniner,2
,,Oirectine,4
,,Iced Cooly,3
,,Basefree,5
,,Twoism,4
,,Seeya Later,5
,,Melissa Juice,2
,,Smokes Quantity / 1986 Summer Fire,3
,Hi Scores (EP),Hi Scores,3
,,Turquoise Hexagon Sun,4
,,Nlogax,4
,,June 9th,4
,,Seeya Later,5
,,Everything You Do Is a Balloon,5
,Peel Session (EP),Aquarius (Version 3),3
,,Happy Cycling,4
,,Olson (Version 3),3
,,XYZ,5
,In a Beautiful Place Out in the Country (EP),Kid For Today,4
,,Amo Bishop Roden,4
,,In A Beautiful Place Out In The Country,4
,,Zoetrope,3
,Trans Canada Highway (EP),Dayvan Cowboy,5
,,Left Side Drive,5
,,Heard From Telegraph Lines,2
,,Skyliner,4
,,Under The Coke Sign,3
,,Dayvan Cowboy (Odd Nosdam Remix),2
,BoC Maxima,Wildlife Analysis,
,,Chinook,
,,Rodox Video,
,,Everything You Do Is A Balloon,
,,Boc Maxima (Bocuma),
,,Roygbiv,
,,Nova Scotia Robots,
,,June 9th,
,,Niagara,
,,Skimming Stones,
,,Sixtyniner,
,,Red Moss,
,,Concourse,
,,Carcan,
,,Nlogax,
,,M9,
,,Original Nlogax,
,,Turquoise Hexagon Sun,
,,Whitewater,
,,One Very Important Thought,
,A Few Old Tunes,Spectrum,
,,Light,
,,P.C.,
,,Trapped,
,,Rodox Video,
,,Happy Cycling,
,,House of Abin'adab,
,,Finity,
,,Forest Moon,
,,Skimming Stones,
,,Carcan,
,,Devil,
,,Mansel,
,,She Is P,
,,Davie Addison,
,,Sac,
,,Blockbuster,
,,I Will Get It Tattooed,
,,The Way You Show,
,,I Love U,
,,King Of Carnival,
,,M9,
,,Original Nlogax,
,,Sequoia,
,,Boqurant,
,,5-9-78,
,,Wendy Miller,
,,Paul Russell's Piece,
,,Up The March Bank,
,,Nova Scotia Robots,
,Old Tunes Volume 2,We've Started Up,
,,Jimbo Rehearsing,
,,Staircase Whip,
,,Statue Of Liberty,
,,Dave (I'm A Real Traditionalis,
,,Peace Tony Devil,
,,To The Wind,
,,Iraq Says,
,,Nine-Rubber Wisdom,
,,On A Rolling Sea,
,,Iced Cooly Beatnik,
,,David Came To Mahana'Im,
,,Sir Prancelot Brainfire,
,,North Sea Arbeit,
,,Mushyz,
,,Heysanna Hosanna,
,,Fly In The Pool,
,,Mukinabaht,
,,It's A Whole 'Nother Year,
,,Kiteracer 2,
,,BMX Track,
,,Hiscores,
,,Geometric Piss,
,,Zander Two,
,,Magic Teens,
,,Apparatus,
,,Music for Pylons,
,,Alpha Rainbow,
,,Northern Plastics,
,,Buckie High,
,,I Love My New Shears,
,,Solarium,
,,Breaking Nehushtan,
,,Orange Hexagon Sun,
,,Lick,
,,Powerline Misfortune,
,Random 35 Tracks Tape,A01,
,,A02 - She Is P,
,,A03,
,,A04,
,,A05 - Finity,
,,A06,
,,A07,
,,A08,
,,A09,
,,A10,
,,A11 - Blueberry,
,,A12,
,,A13,
,,A14,
,,A15 - I Will Get It Tattooed,
,,B01,
,,B02,
,,B03 - House of Abin'Adab,
,,B04,
,,B05,
,,B06,
,,B07,
,,B08,
,,B09,
,,B10 - Smallest Weird Number (reversed),
,,B11,
,,B12,
,,B13 - Davie Addison,
,,B14,
,,B15,
,,B16,
,,B17 - It's Too Orangey,
,,B18,
,,B19,
,,B20,
Autechre,Incunabula,Kalpol Introl,2
,,Bike,4
,,Autriche,4
,,Bronchus 2,2
,,Basscadet,4
,,Eggshell,4
,,Doctrine,4
,,Maetl,4
,,Windwind,3
,,Lowride,2
,,444,5
,Amber,Foil,3
,,Montreal,5
,,Silverside,2
,,Slip,4
,,Glitch,3
,,Piezo,4
,,Nine,4
,,Further,5
,,Yulquen,2
,,Nil,4
,,Teartear,4
,Tri Repetae,Dael,1
,,Clipper,5
,,Leterel,3
,,Rotar,4
,,Stud,2
,,Eutow,5
,,C/Pach,5
,,Gnit,5
,,Overand,3
,,Rsdio,2
,Chiastic Slide,Cipater,5
,,Rettic Ac,2
,,Tewe,3
,,Cichli,5
,,Hub,3
,,Calbruc,3
,,Recury,3
,,Pule,2
,,Nuane,4
,LP5,Acroyear2,3
,,777,3
,,Rae,5
,,Melve,2
,,Vose In,3
,,"Fold4,Wrap5",4
,,Under BOAC,3
,,Corc,5
,,Caliper Remote,3
,,Arch Carrier,1
,,Drane2,3
,EP7,Rpeg,3
,,Ccec,2
,,Squeller,2
,,Left Blank,1
,,Outpt,3
,,Dropp,4
,,Liccflii,1
,,Maphive 6.1,4
,,Zeiss Contarex,3
,,Netlon Sentinel,4
,,Pir,4
,Confield,VI Scose Poise,3
,,Cfern,4
,,Pen Expers,4
,,Sim Gishel,3
,,Parhelic Triangle,5
,,Bine,2
,,Eidetic Casein,3
,,Uviol,4
,,Lentic Catachresis,3
,Draft 7.30,Xylin Room,4
,,IV VV IV VV VIII,2
,,6IE.CR,3
,,Tapr,1
,,Surripere,4
,,Theme Of Sudden Roundabout,5
,,VL AL 5,4
,,P.:NTIL,5
,,V-Proc,1
,,Reniform Puls,4
,Untilted,LCC,5
,,Ipacial Section,5
,,Pro Radii,5
,,Augmatic Disport,4
,,Iera,3
,,Fermium,2
,,The Trees,3
,,Sublimit,4
,Quaristice,Altibzz,3
,,The Plc,2
,,IO,3
,,PlyPhon,4
,,Perlence,2
,,SonDEremawe,1
,,Simmm,4
,,paralel Suns,3
,,Steels,2
,,Tankakern,4
,,rale,3
,,Fol3,4
,,fwzE,4
,,90101-5l-l,2
,,bnc Castl,3
,,Theswere,4
,,WNSN,5
,,chenc9,5
,,Notwo,2
,,Outh9X,2
,Oversteps,r ess,4
,,Ilanders,2
,,known(1),1
,,pt2ph8,2
,,qplay,2
,,see on see,4
,,Treale,3
,,os veix3,3
,,O=0,3
,,d-sho qub,2
,,st epreo,2
,,redfall,3
,,krYlon,2
,,Yuop,2
,Move of Ten,Etchogon-S,3
,,y7,2
,,pce freeze 2.8i,3
,,rew (1),2
,,nth Dafuseder.b,4
,,iris was a pupil,2
,,no border,2
,,M62,4
,,ylm0,2
,,Cep puiqMX,2
,Exai,Fleure,4
,,irlite (get 0),3
,,prac-f,2
,,jatevee C,4
,,T ess xi,4
,,vekoS,4
,,Flep,2
,,tuinorizn,4
,,bladelores,5
,,1 1 is,3
,,nodezsh,3
,,runrepik,3
,,spl9,4
,,cloudline,4
,,deco Loc,4
,,recks on,3
,,YJY UX,5
,elseq 1-5,feed1,2
,,c16 deep tread,4
,,13x0 step,3
,,pendulu hv moda,4
,,curvcaten,4
,,elyc6 0nset,2
,,chimer 1-5-1,4
,,c7b2,2
,,eastre,3
,,TBM2,1
,,mesh cinereaL,2
,,acdwn2,2
,,foldfree casual,4
,,latentcall,5
,,artov chain,2
,,7th slip,4
,,pendulu casual,2
,,spTh,2
,,spaces how 5,2
,,freulaeux,4
,,oneum,1
,Cavity Job (EP),Cavity Job,
,,Accelera 1 & 2,
,Lego Feet (EP),Side A,
,,Side B,
,Anti (EP),Lost,
,,Djarum,
,,Flutter,
,"Basscad,EP (EP)",Basscadet (Bcdtmx),
,,Basscadet (Beaumonthannanttwomx),
,,Basscadet (Seefeelmx),
,,Basscadet (Tazmx),
,,Basscadet (Basscadubmx),
,Anvil Vapre (EP),Second Bad Vilbel,4
,,Second Scepe,3
,,Second Scout,4
,,Second Peng,2
,Garbage (EP),Garbagemx36,5
,,PIOBmx19,2
,,Bronchusevenmx24,5
,,VLetrmx21,4
,Envane (EP),Goz Quarter,4
,,Latent Quarter,2
,,Laughing Quarter,5
,,Draun Quarter,3
,Cichlisuite (EP),Yeesland,4
,,Pencha,2
,,Characi,3
,,Krib,3
,,Tilapia,3
,Peel Session (EP),Milk DX,4
,,Inhake 2,4
,,Drane,4
,Peel Session 2 (EP),Gelk,4
,,Bilfil,2
,,Gaekwad,2
,,19 Headaches,2
,Gantz Graf (EP),Gantz Graf,3
,,Dial.,3
,,Cap.IV,4
,Quaristice.Quadrange.ep.ae (EP),The Plc Ccc,
,,Perlence Range 7,
,,Perlence Suns,
,,90101-51-6,
,,9013-2,
,,Tkakanren,
,,90101-51-19,
,,Perlence Subrange 3,
,,Chenc9-1dub,
,,9010171-121,
,,Perlence Losid 2,
,,Notwotwo,
,,Perlence Subrange 6-36,
,L-event (EP),tac Lacora,2
,,M39 Diffain,3
,,Osla for n,4
,,newbound,3
